ID_Band,TimePoint,AgeCategory,Age_PreBleed,Age_Treatment,Sex,Mom_ID,Cohort,Outcome,Outcome_Detail,Glucose_1,Glucose_2,Glucose_3,Ketone_1,Ketone_2,Plasma_Color,Hematocrit,BleedTime_Min,Blood_SQ.Mean_SCNAG,Blood_SQ.Mean_mtDNA,Blood_mtDNA.Mean,Blood_Cq.Mean_SCNAG,Blood_SQ.Mean_Telomeres,Blood_Cq.Mean_Telomeres,Blood_Telomeres.per.cell,CORT.ng.mL.,RNASeq_DataAvailable
4529,Baseline,Young_Adult,304,318,F,4111,1,No,NA,240,265,No,0.6,0.4,No,No,,NA,NA,NA,NA,NA,NA,NA,NA,No
4530,Baseline,Young_Adult,303,318,F,4111,1,No,NA,227,220,No,0.4,0.3,No,53,,NA,NA,NA,NA,NA,NA,NA,4.918370117,No
4531,Baseline,Young_Adult,303,317,F,4115,1,Succumbed,Unconscious,179,186,No,0.6,0.6,U,54.5,,NA,NA,NA,NA,NA,NA,NA,0.662644618,Yes
4533,Baseline,Young_Adult,304,332,F,4150,2,No,NA,169,246,252,0.4,0.3,L,60,3:00,NA,NA,NA,NA,NA,NA,NA,2.654737219,Yes
4534,Baseline,Young_Adult,305,319,F,4150,2,No,NA,201,283,280,0.3,0.3,L,50,2:57,NA,NA,NA,NA,NA,NA,NA,0.752525573,No
4535,Baseline,Young_Adult,302,330,F,4284,1,No,NA,168,166,No,0.3,0.3,No,54,,NA,NA,NA,NA,NA,NA,NA,0.294881274,No
4548,Baseline,Young_Adult,310,338,F,4432,4,No,NA,No,No,No,No,No,No,No,3:00,NA,NA,NA,NA,NA,NA,NA,NA,Yes
4551,Baseline,Young_Adult,303,318,F,4150,2,No,NA,185,177,No,0.5,0.7,L,54,3:00,NA,NA,NA,NA,NA,NA,NA,0.658007705,No
4554,Baseline,Young_Adult,304,318,F,4181,2,No,NA,291,337,No,0.4,No,L,No,3:00,NA,NA,NA,NA,NA,NA,NA,NA,No
4559,Baseline,Young_Adult,309,323,M,4127,4,No,NA,250,257,No,0.6,No,U,55,1:42,NA,NA,NA,NA,NA,NA,NA,NA,No
4561,Baseline,Young_Adult,303,317,F,4168,2,No,NA,225,231,No,0.4,0.3,U,56,3:00,NA,NA,NA,NA,NA,NA,NA,1.828263896,No
4562,Baseline,Young_Adult,309,324,F,4290,4,No,NA,283,248,No,0.4,No,U,52,3:00,NA,NA,NA,NA,NA,NA,NA,NA,No
4573,Baseline,Young_Adult,297,312,F,4157,1,No,NA,209,190,No,0.4,0.5,U,54,,NA,NA,NA,NA,NA,NA,NA,0.423809289,No
4578,Baseline,Young_Adult,299,314,F,4171,2,No,NA,265,271,No,0.4,No,U,56,2:55,NA,NA,NA,NA,NA,NA,NA,1.602584603,No
4579,Baseline,Young_Adult,300,328,F,4171,2,No,NA,216,200,No,0.4,0.5,U,58,1:30,NA,NA,NA,NA,NA,NA,NA,0.631540734,No
4582,Baseline,Young_Adult,302,330,F,4222,3,No,NA,269,271,No,0.4,0.5,No,No,,NA,NA,NA,NA,NA,NA,NA,NA,No
4586,Baseline,Young_Adult,301,315,F,4222,3,No,NA,270,262,No,0.5,0.6,L,No,,NA,NA,NA,NA,NA,NA,NA,1.411193388,No
4593,Baseline,Young_Adult,288,302,M,4149,2,No,NA,180,170,No,0.3,0.4,U,56,3:00,NA,NA,NA,NA,NA,NA,NA,2.844350167,No
4600,Baseline,Young_Adult,283,297,M,4184,3,No,NA,170,170,No,0.6,0.7,No,63,,NA,NA,NA,NA,NA,NA,NA,4.361357716,No
4601,Baseline,Young_Adult,285,299,F,4184,3,No,NA,242,245,No,0.5,0.6,L,56,,NA,NA,NA,NA,NA,NA,NA,0.79720613,No
4604,Baseline,Young_Adult,285,300,F,4184,3,No,NA,212,244,No,0.5,0.6,U,No,,NA,NA,NA,NA,NA,NA,NA,1.468740072,No
4608,Baseline,Young_Adult,268,282,F,4124,1,No,NA,141,132,No,0.1,0.2,No,34,,NA,NA,NA,NA,NA,NA,NA,0.000500511,No
4612,Baseline,Young_Adult,254,282,F,4412,1,No,NA,223,283,247,0.4,0.3,U,50,,NA,NA,NA,NA,NA,NA,NA,NA,No
4613,Baseline,Young_Adult,265,279,M,4412,4,No,NA,234,238,No,0.7,No,U,56,2:46,NA,NA,NA,NA,NA,NA,NA,0.545393897,No
4614,Baseline,Young_Adult,251,265,M,4340,1,No,NA,188,179,No,No,No,No,55,,NA,NA,NA,NA,NA,NA,NA,NA,No
4619,Baseline,Young_Adult,260,288,F,4470,3,No,NA,281,279,No,0.6,0.6,U,No,,NA,NA,NA,NA,NA,NA,NA,1.337245638,Yes
4620,Baseline,Young_Adult,260,274,F,4470,3,No,NA,253,254,No,0.5,0.5,U,No,,NA,NA,NA,NA,NA,NA,NA,0.983414102,No
4621,Baseline,Young_Adult,253,268,F,4470,3,No,NA,259,265,No,0.7,0.7,U,52,,NA,NA,NA,NA,NA,NA,NA,1.602584603,No
4625,Baseline,Pubescent,150,178,F,4450,4,No,NA,241,240,No,0.3,0.3,U,58,1:46,974.0627332,63.21475406,0.064898032,21.69972135,353530.2255,13.93420856,362.9440008,NA,Yes
4703,Baseline,Pubescent,162,176,F,4112,5,No,NA,178,183,No,1.8,1.8,U,58,1:20,NA,NA,NA,NA,NA,NA,NA,1.532691351,No
4704,Baseline,Pubescent,161,175,F,4112,5,No,NA,263,243,No,0.7,No,U,56,3:00,NA,NA,NA,NA,NA,NA,NA,2.570964425,No
4712,Baseline,Pubescent,156,170,F,4123,4,No,NA,211,212,No,0.4,0.4,U/L,54,1:59,NA,NA,NA,NA,NA,NA,NA,0.463078997,No
4715,Baseline,Pubescent,150,164,F,4115,4,No,NA,348,253,294,0.5,No,L,50,3:00,NA,NA,NA,NA,NA,NA,NA,NA,No
4717,Baseline,Pubescent,145,159,F,4157,5,No,NA,292,275,No,0.6,No,U/L,50,2:42,NA,NA,NA,NA,NA,NA,NA,0.095287329,No
4719,Baseline,Pubescent,141,156,F,4222,4,Succumbed,Died,245,No,No,0.5,No,U,56.5,3:00,NA,NA,NA,NA,NA,NA,NA,3.342984133,Yes
4720,Baseline,Pubescent,145,173,F,4374,5,No,NA,275,271,No,0.4,No,U,50,1:31,165.4170622,128.7004163,0.778035921,24.19143663,126633.2464,15.67508931,765.5392057,0.619679545,Yes
4723,Baseline,Pubescent,144,159,F,4206,5,No,NA,273,256,No,0.4,0.3,U,54,4:00,NA,NA,NA,NA,NA,NA,NA,0.817765943,No
4725,Baseline,Pubescent,146,160,M,4574,6,No,NA,266,255,No,0.3,No,U,50,3:00/3:35,NA,NA,NA,NA,NA,NA,NA,0.662254735,No
4729,Baseline,Pubescent,143,158,F,4374,5,No,NA,296,280,No,0.5,No,U,52,2:23,NA,NA,NA,NA,NA,NA,NA,1.68327952,No
4731,Baseline,Pubescent,143,157,F,4175,6,No,NA,243,235,No,0.6,No,U,56,3:00/3:30,NA,NA,NA,NA,NA,NA,NA,3.103700131,No
4735,Baseline,Pubescent,140,155,F,4210,6,No,NA,186,191,No,0.4,No,U,54,1:35,NA,NA,NA,NA,NA,NA,NA,0.658007705,No
4737,Baseline,Pubescent,141,155,F,4210,6,Succumbed,Died,280,293,No,0.4,No,U,54,1:52,204.942183,30.2143487,0.147428647,23.89250377,90483.13549,16.19194267,441.5056684,NA,Yes
4738,Baseline,Pubescent,139,167,F,4210,6,No,NA,254,217,No,0.3,No,L,52,2:30,123.4994096,26.62164244,0.215560888,24.6023404,54701.82001,17.04049759,442.9318342,0.734798907,Yes
4739,Baseline,Pubescent,136,164,F,4023,5,No,NA,205,208,No,0.4,No,U,58,1:45,92.00273001,48.29678786,0.524949508,25.02671685,149955.61,15.3550255,1629.903917,0.966207279,Yes
4741,Baseline,Pubescent,140,154,F,4111,6,No,NA,211,211,No,0.5,No,L,58,2:25,NA,NA,NA,NA,NA,NA,NA,0.631540734,No
4745,Baseline,Pubescent,139,167,F,4111,6,No,NA,204,187,No,0.6,No,U,56,1:30,175.2650448,54.82246395,0.312797478,24.11047205,95191.93894,16.10704684,543.1313417,0.658007705,Yes
4748,Baseline,Pubescent,136,150,F,4150,7,No,NA,318,No,No,No,No,L,54,5:00,NA,NA,NA,NA,NA,NA,NA,1.23088564,No
4749,Baseline,Pubescent,135,147,F,4150,7,No,NA,234,230,No,0.3,No,U,52,1:47,NA,NA,NA,NA,NA,NA,NA,0.217798091,No
4752,Baseline,Pubescent,128,143,F,4546,6,No,NA,242,232,No,0.4,No,U,50,1:23,NA,NA,NA,NA,NA,NA,NA,0.091720635,No
4757,Baseline,Pubescent,126,140,M,4147,7,No,NA,274,265,No,0.4,No,U,52,3:00/4:27,NA,NA,NA,NA,NA,NA,NA,0.000500511,No
4758,Baseline,Pubescent,125,153,F,4147,7,No,NA,273,312,No,0.3,No,U/L,No,3:00/5:00,290.0632392,44.87241867,0.154698744,23.40453367,169281.3734,15.15161322,583.60161,0.615234883,No
4759,Baseline,Pubescent,125,137,F,4147,7,No,NA,219,234,No,0.5,No,L,52,3:00,NA,NA,NA,NA,NA,NA,NA,1.645772805,No
4761,Baseline,Pubescent,126,140,F,4290,8,Succumbed,Died,206,208,No,0.5,No,L,54,1:55,NA,NA,NA,NA,NA,NA,NA,1.532691351,Yes
4764,Baseline,Pubescent,137,151,M,4564,11,No,NA,224,204,No,0.6,0.5,U,No,2:50,NA,NA,NA,NA,NA,NA,NA,NA,No
4765,Baseline,Pubescent,125,139,F,4564,8,No,NA,308,290,No,0.5,No,L,54,3:00/6:00,NA,NA,NA,NA,NA,NA,NA,0.000500511,No
4766,Baseline,Pubescent,127,155,F,4564,9,No,NA,175,218,No,0.6,No,No,No,3:00,NA,NA,NA,NA,NA,NA,NA,1.532691351,No
4768,Baseline,Pubescent,121,135,F,4171,7,Succumbed,Died,203,202,No,0.5,No,U,56,1:15,248.4030028,63.52162325,0.25572003,23.62920435,145122.3305,15.4100183,584.2213212,NA,Yes
4769,Baseline,Pubescent,134,148,M,4171,11,No,NA,140,158,No,0.3,0.3,Y,56,1:40,NA,NA,NA,NA,NA,NA,NA,1.17900525,No
4771,Baseline,Pubescent,122,136,M,4542,8,No,NA,224,222,No,0.4,No,U,52,1:14,NA,NA,NA,NA,NA,NA,NA,1.532691351,No
4772,Baseline,Pubescent,122,150,F,4542,8,No,NA,233,219,No,0.5,No,U,52,2:24,NA,NA,NA,NA,NA,NA,NA,0.39931785,No
4773,Baseline,Pubescent,122,136,F,4542,8,No,NA,204,192,No,0.6,No,U/L,56,1:35,NA,NA,NA,NA,NA,NA,NA,0.837182101,No
4774,Baseline,Pubescent,126,140,F,4564,9,Succumbed,Died,243,224,No,0.4,No,No,No,3:00,NA,NA,NA,NA,NA,NA,NA,0.658007705,Yes
4775,Baseline,Pubescent,118,132,F,4171,7,Succumbed,Died,182,192,No,0.4,No,U,58,2:12,216.3703407,27.55913171,0.127370191,23.815145,159320.417,15.25185885,736.3320519,NA,Yes
4776,Baseline,Pubescent,120,135,F,4542,8,No,NA,203,186,No,0.4,No,U/L,52,3:00,NA,NA,NA,NA,NA,NA,NA,2.662846779,No
4777,Baseline,Pubescent,116,144,F,4364,7,No,NA,210,205,No,0.5,No,U,50,2:30,NA,NA,NA,NA,NA,NA,NA,0.519557671,No
4778,Baseline,Pubescent,129,143,M,4364,11,No,NA,292,287,No,0.3,0.3,U,46,2:41,NA,NA,NA,NA,NA,NA,NA,2.286843914,No
4782,Baseline,Pubescent,118,133,F,4127,8,No,NA,232,194,146,0.4,No,U/L,56,3:00/5:00,NA,NA,NA,NA,NA,NA,NA,0.578663886,No
4783,Baseline,Pubescent,120,134,M,4127,9,No,NA,230,233,No,0.5,No,U,60,1:48,NA,NA,NA,NA,NA,NA,NA,0.631540734,No
4784,Baseline,Pubescent,115,143,F,4127,8,No,NA,320,317,No,0.7,No,L,52,3:00/4:05,109.4248156,28.94593675,0.264528084,24.77242396,165005.4141,15.19324229,1507.93413,0.988118686,Yes
4785,Baseline,Pubescent,121,149,F,4124,9,No,NA,No,No,No,No,No,No,No,3:00/5:35,NA,NA,NA,NA,NA,NA,NA,NA,Yes
4787,Baseline,Pubescent,123,137,M,4124,10,No,NA,No,No,No,No,No,U,50,3:00,NA,NA,NA,NA,NA,NA,NA,0.658007705,No
4788,Baseline,Pubescent,124,138,M,4432,10,No,NA,258,212,No,0.3,No,U,54,3:00,NA,NA,NA,NA,NA,NA,NA,0.735578673,No
4791,Baseline,Pubescent,118,132,M,4127,9,No,NA,263,210,No,0.4,No,No,No,1:54,NA,NA,NA,NA,NA,NA,NA,0.631540734,No
4792,Baseline,Pubescent,122,136,F,4168,10,No,NA,198,195,No,0.5,No,U/L,56,2:23,117.6715199,60.4338314,0.513580784,24.6742961,123224.7622,15.68002101,1047.192747,1.413558676,No
4795,Baseline,Pubescent,121,135,F,4432,10,No,NA,207,194,No,0.5,No,L,52,2:34,NA,NA,NA,NA,NA,NA,NA,1.532691351,No
4797,Baseline,Pubescent,116,130,F,4388,9,No,NA,215,215,No,0.4,No,U,53,1:50,NA,NA,NA,NA,NA,NA,NA,0.265354158,No
4798,Baseline,Pubescent,122,136,F,4168,10,Succumbed,Died,235,227,No,0.6,No,L,52,3:00/4:18,120.3870362,71.40472218,0.59312634,24.63754749,192177.3553,14.94719264,1596.329317,NA,Yes
4800,Baseline,Pubescent,123,137,M,4594,12,No,NA,225,No,No,No,No,U/L,52,3:00/4:15,NA,NA,NA,NA,NA,NA,NA,NA,No
4802,Baseline,Pubescent,114,128,F,4594,10,Succumbed,Died,169,171,No,0.4,No,U ,52,1:49,233.075745,72.8484454,0.312552666,23.71191016,119619.5033,15.75002697,513.2215851,NA,Yes
4803,Baseline,Pubescent,121,135,M,4594,12,No,NA,No,No,No,No,No,U/L,54,3:00,NA,NA,NA,NA,NA,NA,NA,0.423809289,No
4804,Baseline,Pubescent,115,129,M,4601,12,No,NA,No,No,No,No,No,U/L,56,3:00,NA,NA,NA,NA,NA,NA,NA,0.064070722,No
4805,Baseline,Pubescent,113,127,F,4601,11,No,NA,234,266,242,0.5,0.4,U,50,2:35,NA,NA,NA,NA,NA,NA,NA,1.996563256,No
4809,Baseline,Pubescent,111,125,F,4601,11,No,NA,182,185,No,0.6,0.6,U,57,1:26,NA,NA,NA,NA,NA,NA,NA,0.551112176,No
4810,Baseline,Pubescent,114,128,F,4601,12,Succumbed,Died,201,185,No,0.6,No,U/L,54,1:35,85.19956238,15.22123646,0.178653928,25.1242866,94429.19265,16.12433731,1108.32955,NA,Yes
4814,Baseline,Pubescent,111,125,F,4184,11,No,NA,174,140,No,0.7,0.6,U/L,55,2:50,NA,NA,NA,NA,NA,NA,NA,0.682268713,No
4816,Baseline,Pubescent,113,127,M,4340,12,No,NA,249,256,No,0.3,No,U,50,2:04,NA,NA,NA,NA,NA,NA,NA,0.658007705,No
4817,Baseline,Pubescent,114,128,F,NA,12,Succumbed,Unconscious,237,249,No,0.3,No,U,54,2:05,166.9956374,48.98423167,0.293326415,24.1803855,155622.5843,15.29069829,931.8961064,0.423809289,Yes