"ID_Band","TimePoint","AgeCategory","Sex","Mom_ID","Cohort","Treatment","Died_InTrt","Glucose_1","Glucose_2","Glucose_3","Ketone_1","Ketone_2","Ketone_3","Plasma_Color","Hematocrit","BleedTime_Min","Glucose_Meter_Lot_Number","Ketone_Meter_Lot_Number","Room","Notes","Blood_SQ.Mean_SCNAG","Blood_SQ.Mean_mtDNA","Blood_mtDNA.Mean","Blood_Cq.Mean_SCNAG","Blood_SQ.Mean_Telomeres","Blood_Cq.Mean_Telomeres","Blood_Telomeres.per.cell"
4529,"Baseline","Older","F",4111,1,"C","No","240","265","No","0.6","0.4","No","No","No","","031324A","",118,"",NA,NA,NA,NA,NA,NA,NA
4529,"Treatment","Older","F",4111,1,"C","No","193","237","No","0.3","No","No","U","52","2:00","042224A","",113,"",NA,NA,NA,NA,NA,NA,NA
4530,"Baseline","Older","F",4111,1,"D","No","227","220","No","0.4","0.3","No","No","53","","022723A","",114,"",NA,NA,NA,NA,NA,NA,NA
4530,"Treatment","Older","F",4111,1,"D","No","265","235","259","0.4","No","No","U","53","1:47","","",113,"",NA,NA,NA,NA,NA,NA,NA
4531,"Baseline","Older","F",4115,1,"B","Yes","179","186","No","0.6","0.6","No","U","54.5","","031324A","",118,"",NA,NA,NA,NA,NA,NA,NA
4531,"Treatment","Older","F",4115,1,"B","Yes","225","215","No","0.6","No","No","U","58","1:46","031324A","",113,"",NA,NA,NA,NA,NA,NA,NA
4533,"Baseline","Older","F",4150,2,"E","No","169","246","252","0.4","0.3","No","L","60","3:00","031324A","75001L04",114,"",NA,NA,NA,NA,NA,NA,NA
4533,"Heat","Older","F",4150,2,"E","No","207","196","No","0.4","No","No","U","60","1:50","042224A","",113,"",NA,NA,NA,NA,NA,NA,NA
4533,"Treatment","Older","F",4150,2,"E","No","211","209","No","0.5","No","No","U","54","1:34","","",113,"",NA,NA,NA,NA,NA,NA,NA
4534,"Baseline","Older","F",4150,2,"B","No","201","283","280","0.3","0.3","No","L","50","2:57","031324A","75001L04",114,"",NA,NA,NA,NA,NA,NA,NA
4534,"Treatment","Older","F",4150,2,"B","No","253","242","No","0.6","No","No","U","58","1:32","042224A","",113,"",NA,NA,NA,NA,NA,NA,NA
4535,"Baseline","Older","F",4284,1,"E","No","168","166","No","0.3","0.3","No","No","54","","022723A","",114,"",NA,NA,NA,NA,NA,NA,NA
4535,"Heat","Older","F",4284,1,"E","No","217","No","No","No","No","No","U","60","3:00","031324A","",113,"",NA,NA,NA,NA,NA,NA,NA
4535,"Treatment","Older","F",4284,1,"E","No","220","210","No","0.7","No","No","U","60","2:20","031324A","",113,"nodule on wing",NA,NA,NA,NA,NA,NA,NA
4543,"Baseline","Older","M",4168,2,"A","No","230","271","No","0.4","0.3","No","U","51","1:24","031324A","75001L04",118,"",NA,NA,NA,NA,NA,NA,NA
4543,"Treatment","Older","M",4168,2,"A","No","316","306","No","0.4","No","No","L","52","2:55","042224A","",113,"",NA,NA,NA,NA,NA,NA,NA
4548,"Baseline","Older","F",4432,4,"E","No","No","No","No","No","No","No","No","No","3:00","031324A","75001L04",114,"",NA,NA,NA,NA,NA,NA,NA
4548,"Heat","Older","F",4432,4,"E","No","289","260","No","0.8","No","No","U","0.8","1:45","031324A","75001L04",113,"",NA,NA,NA,NA,NA,NA,NA
4548,"Treatment","Older","F",4432,4,"E","No","191","180","No","0.4","No","No","U","62","1:42","","",113,"",NA,NA,NA,NA,NA,NA,NA
4551,"Baseline","Older","F",4150,2,"D","No","185","177","No","0.5","0.7","No","L","54","3:00","031324A","75001L04",118,"",NA,NA,NA,NA,NA,NA,NA
4551,"Treatment","Older","F",4150,2,"D","No","231","228","No","0.3","No","No","U","52","1:12","032204A","",113,"",NA,NA,NA,NA,NA,NA,NA
4552,"Baseline","Older","F",4150,2,"A","No","228","247","No","0.3","0.3","No","U","54","3:00","031324A","75001L04",114,"",NA,NA,NA,NA,NA,NA,NA
4552,"Treatment","Older","F",4150,2,"A","No","245","245","No","0.5","No","No","U","52","2:22","042224A","",113,"",NA,NA,NA,NA,NA,NA,NA
4554,"Baseline","Older","F",4181,2,"C","No","291","337","No","0.4","No","No","L","No","3:00","031324A","75001L04",114,"",NA,NA,NA,NA,NA,NA,NA
4554,"Treatment","Older","F",4181,2,"C","No","286","283","No","0.6","No","No","L","56","1:54","042224A","",113,"",NA,NA,NA,NA,NA,NA,NA
4556,"Baseline","Older","M",4287,1,"A","No","213","211","No","0.2","0.2","No","No","50","","022723A","",114,"",NA,NA,NA,NA,NA,NA,NA
4556,"Treatment","Older","M",4287,1,"A","No","197","194","No","0.4","No","No","U","56","1:09","031324A","",113,"",NA,NA,NA,NA,NA,NA,NA
4559,"Baseline","Older","M",4127,4,"C","No","250","257","No","0.6","No","No","U","55","1:42","031324A","75001L04",118,"",NA,NA,NA,NA,NA,NA,NA
4559,"Treatment","Older","M",4127,4,"C","No","179","181","No","0.6","No","No","U","52","1:30","031324A","75001L04",113,"",NA,NA,NA,NA,NA,NA,NA
4561,"Baseline","Older","F",4168,2,"C","No","225","231","No","0.4","0.3","No","U","56","3:00","031324A","75001L04",118,"",NA,NA,NA,NA,NA,NA,NA
4561,"Treatment","Older","F",4168,2,"C","No","258","238","No","0.5","No","No","U","60","2:20","042224A","",113,"",NA,NA,NA,NA,NA,NA,NA
4562,"Baseline","Older","F",4290,4,"D","No","283","248","No","0.4","No","No","U","52","3:00","031324A","75001L04",114,"",NA,NA,NA,NA,NA,NA,NA
4562,"Treatment","Older","F",4290,4,"D","No","213","201","No","0.2","0.2","No","U","50","1:28","031324A","75001L04",113,"",NA,NA,NA,NA,NA,NA,NA
4572,"Baseline","Older","F",4112,1,"A","No","162","171","No","0.4","0.3","No","U","56","","031324A","",118,"",NA,NA,NA,NA,NA,NA,NA
4572,"Treatment","Older","F",4112,1,"A","No","192","239","No","0.4","No","No","U","56","1:09","031324A","",113,"",NA,NA,NA,NA,NA,NA,NA
4573,"Baseline","Older","F",4157,1,"D","No","209","190","No","0.4","0.5","No","U","54","","031324A","",118,"",NA,NA,NA,NA,NA,NA,NA
4573,"Treatment","Older","F",4157,1,"D","No","239","207","195","0.6","No","No","U/L","54","3:00","","",113,"",NA,NA,NA,NA,NA,NA,NA
4578,"Baseline","Older","F",4171,2,"D","No","265","271","No","0.4","No","No","U","56","2:55","031324A","75001L04",114,"",NA,NA,NA,NA,NA,NA,NA
4578,"Treatment","Older","F",4171,2,"D","No","180","171","No","0.3","No","No","U","58","2:06","032204A","",113,"",NA,NA,NA,NA,NA,NA,NA
4579,"Baseline","Older","F",4171,2,"E","No","216","200","No","0.4","0.5","No","U","58","1:30","031324A","75001L04",118,"",NA,NA,NA,NA,NA,NA,NA
4579,"Heat","Older","F",4171,2,"E","No","239","229","No","0.7","No","No","U","60","1:15","042224A","",113,"",NA,NA,NA,NA,NA,NA,NA
4579,"Treatment","Older","F",4171,2,"E","No","200","212","No","0.6","No","No","U","58","2:25","","",113,"",NA,NA,NA,NA,NA,NA,NA
4582,"Baseline","Older","F",4222,3,"E","No","269","271","No","0.4","0.5","No","No","No","","","",114,"Lot numbers not marked in data sheet but bleeds before and after this date, use the same lot numbers.",NA,NA,NA,NA,NA,NA,NA
4582,"Heat","Older","F",4222,3,"E","No","312","331","No","0.4","No","No","U","58","2:50","031324A","75001L04",113,"",NA,NA,NA,NA,NA,NA,NA
4582,"Treatment","Older","F",4222,3,"E","No","243","247","No","0.4","0.5","No","U","52","No","050124A","75001L04",113,"",NA,NA,NA,NA,NA,NA,NA
4586,"Baseline","Older","F",4222,3,"C","No","270","262","No","0.5","0.6","No","L","No","","","",118,"Lot numbers not marked in data sheet but bleeds before and after this date, use the same lot numbers.",NA,NA,NA,NA,NA,NA,NA
4586,"Treatment","Older","F",4222,3,"C","No","276","203","No","0.6","No","No","U","No","3:00/6:30","031324A","75001L04",113,"",NA,NA,NA,NA,NA,NA,NA
4593,"Baseline","Older","M",4149,2,"B","No","180","170","No","0.3","0.4","No","U","56","3:00","031324A","75001L04",118,"",NA,NA,NA,NA,NA,NA,NA
4593,"Treatment","Older","M",4149,2,"B","No","326","272","No","0.6","No","No","U","62","1:30","042224A","",113,"",NA,NA,NA,NA,NA,NA,NA
4600,"Baseline","Older","M",4184,3,"B","No","170","170","No","0.6","0.7","No","No","63","","","",114,"Lot numbers not marked in data sheet but bleeds before and after this date, use the same lot numbers.",NA,NA,NA,NA,NA,NA,NA
4600,"Treatment","Older","M",4184,3,"B","No","242","244","No","0.3","No","No","U","63","3:00","042224A","75001L04",113,"",NA,NA,NA,NA,NA,NA,NA
4601,"Baseline","Older","F",4184,3,"C","No","242","245","No","0.5","0.6","No","L","56","","","",114,"Lot numbers not marked in data sheet but bleeds before and after this date, use the same lot numbers.",NA,NA,NA,NA,NA,NA,NA
4601,"Treatment","Older","F",4184,3,"C","No","143","133","No","1.8","No","No","U","56","1:21","031324A","75001L04",113,"",NA,NA,NA,NA,NA,NA,NA
4604,"Baseline","Older","F",4184,3,"D","No","212","244","No","0.5","0.6","No","U","No","","","",118,"Lot numbers not marked in data sheet but bleeds before and after this date, use the same lot numbers.",NA,NA,NA,NA,NA,NA,NA
4604,"Treatment","Older","F",4184,3,"D","No","220","204","No","0.5","No","No","U","62","2:09","031324A","75001L04",113,"",NA,NA,NA,NA,NA,NA,NA
4608,"Baseline","Older","F",4124,1,"C","No","141","132","No","0.1","0.2","No","No","34","","022723A","",114,"",NA,NA,NA,NA,NA,NA,NA
4608,"Treatment","Older","F",4124,1,"C","No","255","244","No","0.6","No","No","U","54","3:00","042224A","",113,"",NA,NA,NA,NA,NA,NA,NA
4612,"Baseline","Older","F",4412,1,"E","No","223","283","247","0.4","0.3","No","U","50","","031324A","",118,"",NA,NA,NA,NA,NA,NA,NA
4612,"Heat","Older","F",4412,1,"E","No","300","290","No","1.3","No","No","U","50","1:02","031324A","",113,"",NA,NA,NA,NA,NA,NA,NA
4612,"Treatment","Older","F",4412,1,"E","No","253","242","No","0.6","No","No","U","51","2:27","031324A","",113,"Fatty",NA,NA,NA,NA,NA,NA,NA
4613,"Baseline","Older","M",4412,4,"B","No","234","238","No","0.7","No","No","U","56","2:46","031324A","75001L04",118,"",NA,NA,NA,NA,NA,NA,NA
4613,"Treatment","Older","M",4412,4,"B","No","227","227","No","0.6","No","No","L","56","3:00/4:00","031324A","75001L04",113,"",NA,NA,NA,NA,NA,NA,NA
4614,"Baseline","Older","M",4340,1,"B","No","188","179","No","No","No","No","No","55","","022723A","",114,"",NA,NA,NA,NA,NA,NA,NA
4614,"Treatment","Older","M",4340,1,"B","No","294","292","No","0.6","No","No","U","58","3:00","031324A","",113,"",NA,NA,NA,NA,NA,NA,NA
4619,"Baseline","Older","F",4470,3,"E","No","281","279","No","0.6","0.6","No","U","No","","","",118,"Lot numbers not marked in data sheet but bleeds before and after this date, use the same lot numbers.",NA,NA,NA,NA,NA,NA,NA
4619,"Heat","Older","F",4470,3,"E","No","296","306","No","0.4","No","No","U","56","2:41","031324A","75001L04",113,"",NA,NA,NA,NA,NA,NA,NA
4619,"Treatment","Older","F",4470,3,"E","No","324","312","No","0.6","0.6","No","U","52","No","050124A","75001L04",113,"",NA,NA,NA,NA,NA,NA,NA
4620,"Baseline","Older","F",4470,3,"B","No","253","254","No","0.5","0.5","No","U","No","","","",118,"Lot numbers not marked in data sheet but bleeds before and after this date, use the same lot numbers.",NA,NA,NA,NA,NA,NA,NA
4620,"Treatment","Older","F",4470,3,"B","No","333","327","No","0.4","No","No","U","54","2:42","042224A","75001L04",113,"",NA,NA,NA,NA,NA,NA,NA
4621,"Baseline","Older","F",4470,3,"D","No","259","265","No","0.7","0.7","No","U","52","","","",114,"Lot numbers not marked in data sheet but bleeds before and after this date, use the same lot numbers.",NA,NA,NA,NA,NA,NA,NA
4621,"Treatment","Older","F",4470,3,"D","No","343","332","No","0.6","No","No","U/L","52","3:00/4:14","031324A","75001L04",113,"",NA,NA,NA,NA,NA,NA,NA
4622,"Baseline","Older","F",4470,3,"A","No","No","No","No","No","No","No","No","No","","","",118,"Lot numbers not marked in data sheet but bleeds before and after this date, use the same lot numbers.",NA,NA,NA,NA,NA,NA,NA
4622,"Treatment","Older","F",4470,3,"A","No","302","265","No","0.6","No","No","U","54","3:01/6:30","042224A","75001L04",113,"",NA,NA,NA,NA,NA,NA,NA
4625,"Baseline","Younger","F",4450,4,"E","No","241","240","No","0.3","0.3","No","U","58","1:46","031324A","75001L04",118,"",974.062733235044,63.2147540570181,0.0648980316155512,21.6997213511473,353530.225473754,13.9342085551652,362.944000844395
4625,"Heat","Younger","F",4450,4,"E","No","313","315","No","1.1","No","No","U","1.1","3:00","031324A","75001L04",113,"",NA,NA,NA,NA,NA,NA,NA
4625,"Treatment","Younger","F",4450,4,"E","No","208","203","No","0.4","No","No","U","54","2:32","","",113,"",NA,NA,NA,NA,NA,NA,NA
4703,"Baseline","Younger","F",4112,5,"B","No","178","183","No","1.8","1.8","No","U","58","1:20","042224A","75001L04",118,"",NA,NA,NA,NA,NA,NA,NA
4703,"Treatment","Younger","F",4112,5,"B","No","205","206","No","0.7","No","No","No","No","3:00/3:44","031324A","75001L04",113,"",NA,NA,NA,NA,NA,NA,NA
4704,"Baseline","Younger","F",4112,5,"C","No","263","243","No","0.7","No","No","U","56","3:00","031324A","75001L04",114,"",NA,NA,NA,NA,NA,NA,NA
4704,"Treatment","Younger","F",4112,5,"C","No","181","190","No","0.5","No","No","No","63","2:24","031324A","75001L04",113,"",NA,NA,NA,NA,NA,NA,NA
4705,"Baseline","Younger","M",4184,5,"A","No","267","271","No","0.7","No","No","U","54","2:24","042224A","75001L04",114,"",NA,NA,NA,NA,NA,NA,NA
4705,"Treatment","Younger","M",4184,5,"A","No","270","No","No","No","No","No","L","34","5:00/4:13","031324A","75001L04",113,"",NA,NA,NA,NA,NA,NA,NA
4707,"Baseline","Younger","F",4165,4,"A","No","232","230","No","0.4","No","No","U/L","52","2:58","031324A","75001L04",114,"",NA,NA,NA,NA,NA,NA,NA
4707,"Treatment","Younger","F",4165,4,"A","No","178","133","No","0.6","No","No","U","No","3:00/4:00","031324A","75001L04",113,"",NA,NA,NA,NA,NA,NA,NA
4708,"Baseline","Younger","M",4165,3,"A","No","231","228","No","0.3","0.3","No","U","56","","","",114,"Lot numbers not marked in data sheet but bleeds before and after this date, use the same lot numbers.",NA,NA,NA,NA,NA,NA,NA
4708,"Treatment","Younger","M",4165,3,"A","No","241","270","No","0.3","No","No","U","60","3:00/5:30","042224A","75001L04",113,"",NA,NA,NA,NA,NA,NA,NA
4712,"Baseline","Younger","F",4123,4,"B","No","211","212","No","0.4","0.4","No","U/L","54","1:59","031324A","75001L04",114,"",NA,NA,NA,NA,NA,NA,NA
4712,"Treatment","Younger","F",4123,4,"B","No","211","210","No","0.3","No","No","U","54","1:36","031324A","75001L04",113,"",NA,NA,NA,NA,NA,NA,NA
4713,"Baseline","Younger","F",4115,4,"A","No","222","No","No","0.4","No","No","U","52","1:34","031324A","75001L04",118,"",NA,NA,NA,NA,NA,NA,NA
4713,"Treatment","Younger","F",4115,4,"A","No","273","261","No","0.6","No","No","U","52","2:00","031324A","75001L04",113,"",NA,NA,NA,NA,NA,NA,NA
4715,"Baseline","Younger","F",4115,4,"C","No","348","253","294","0.5","No","No","L","50","3:00","031324A","75001L04",114,"",NA,NA,NA,NA,NA,NA,NA
4715,"Treatment","Younger","F",4115,4,"C","No","209","200","No","0.6","No","No","U","60","1:50","031324A","75001L04",113,"",NA,NA,NA,NA,NA,NA,NA
4717,"Baseline","Younger","F",4157,5,"C","No","292","275","No","0.6","No","No","U/L","50","2:42","042224A","75001L04",118,"",NA,NA,NA,NA,NA,NA,NA
4717,"Treatment","Younger","F",4157,5,"C","No","256","221","No","0.5","No","No","L","59","3:00/4:57","031324A","75001L04",113,"",NA,NA,NA,NA,NA,NA,NA
4718,"Baseline","Younger","F",4157,5,"A","No","269","269","No","0.4","No","No","Y","50","1:35","042224A","75001L04",118,"",NA,NA,NA,NA,NA,NA,NA
4718,"Treatment","Younger","F",4157,5,"A","No","268","248","No","0.6","No","No","No","No","2:55","031324A","75001L04",113,"",NA,NA,NA,NA,NA,NA,NA
4719,"Baseline","Younger","F",4222,4,"D","Yes","245","No","No","0.5","No","No","U","56.5","3:00","031324A","75001L04",118,"",NA,NA,NA,NA,NA,NA,NA
4719,"Treatment","Younger","F",4222,4,"D","Yes","No","No","No","No","No","No","No","No","No","031324A","75001L04",113,"",NA,NA,NA,NA,NA,NA,NA
4720,"Baseline","Younger","F",4374,5,"E","No","275","271","No","0.4","No","No","U","50","1:31","042224A","75001L04",118,"",165.417062166449,128.700416285524,0.778035920841229,24.191436629434,126633.246382883,15.6750893105825,765.539205716637
4720,"Heat","Younger","F",4374,5,"E","No","276","303","No","0.3","No","No","L","41","3:00","031324A","75001L04",113,"",NA,NA,NA,NA,NA,NA,NA
4720,"Treatment","Younger","F",4374,5,"E","No","237","223","No","0.3","No","No","U","50","2:42","","",113,"",NA,NA,NA,NA,NA,NA,NA
4723,"Baseline","Younger","F",4206,5,"D","No","273","256","No","0.4","0.3","No","U","54","4:00","042224A","75001L04",118,"",NA,NA,NA,NA,NA,NA,NA
4723,"Treatment","Younger","F",4206,5,"D","No","225","212","No","0.4","No","No","U","52","No","031324A","75001L04",113,"",NA,NA,NA,NA,NA,NA,NA
4725,"Baseline","Younger","M",4574,6,"B","No","266","255","No","0.3","No","No","U","50","3:00/3:35","042224A","",118,"Lot numbers not marked in data sheet but bleeds before and after this date, use the same lot numbers.",NA,NA,NA,NA,NA,NA,NA
4725,"Treatment","Younger","M",4574,6,"B","No","231","230","No","0.5","No","No","U","50","2:00","032024A","75001L04",113,"",NA,NA,NA,NA,NA,NA,NA
4729,"Baseline","Younger","F",4374,5,"D","No","296","280","No","0.5","No","No","U","52","2:23","031324A","75001L04",114,"",NA,NA,NA,NA,NA,NA,NA
4729,"Treatment","Younger","F",4374,5,"D","No","229","213","No","0.4","No","No","U","52","No","031324A","75001L04",113,"",NA,NA,NA,NA,NA,NA,NA
4731,"Baseline","Younger","F",4175,6,"C","No","243","235","No","0.6","No","No","U","56","3:00/3:30","042224A","",118,"Lot numbers not marked in data sheet but bleeds before and after this date, use the same lot numbers.",NA,NA,NA,NA,NA,NA,NA
4731,"Treatment","Younger","F",4175,6,"C","No","166","165","No","0.7","No","No","U","58","3:00/3:35","032024A","75001L04",113,"",NA,NA,NA,NA,NA,NA,NA
4735,"Baseline","Younger","F",4210,6,"D","No","186","191","No","0.4","No","No","U","54","1:35","042224A","",118,"Lot numbers not marked in data sheet but bleeds before and after this date, use the same lot numbers.",NA,NA,NA,NA,NA,NA,NA
4735,"Treatment","Younger","F",4210,6,"D","No","177","204","215","0.4","No","No","U","54","1:28","032024A","75001L04",113,"",NA,NA,NA,NA,NA,NA,NA
4737,"Baseline","Younger","F",4210,6,"C","Yes","280","293","No","0.4","No","No","U","54","1:52","042224A","",114,"Lot numbers not marked in data sheet but bleeds before and after this date, use the same lot numbers.",204.942182988898,30.2143487003374,0.147428646751431,23.8925037749568,90483.1354860997,16.1919426697766,441.505668410887
4737,"Treatment","Younger","F",4210,6,"C","Yes","No","No","No","No","No","No","No","No","No","No","No",113,"",NA,NA,NA,NA,NA,NA,NA
4738,"Baseline","Younger","F",4210,6,"E","No","254","217","No","0.3","No","No","L","52","2:30","042224A","",114,"Lot numbers not marked in data sheet but bleeds before and after this date, use the same lot numbers.",123.49940959496,26.621642441016,0.215560888334015,24.6023404043547,54701.8200114112,17.0404975943659,442.931834174886
4738,"Heat","Younger","F",4210,6,"E","No","264","251","No","0.7","No","No","U","54","1:47","032024A","75001L04",113,"",NA,NA,NA,NA,NA,NA,NA
4738,"Treatment","Younger","F",4210,6,"E","No","230","230","No","0.4","No","No","U/L","58","3:00/4:18","","",113,"Double check bleed times on actual datasheet",NA,NA,NA,NA,NA,NA,NA
4739,"Baseline","Younger","F",4023,5,"E","No","205","208","No","0.4","No","No","U","58","1:45","042224A","75001L04",114,"",92.0027300102222,48.2967878558527,0.524949508025322,25.0267168508104,149955.610003483,15.3550255018661,1629.90391683836
4739,"Heat","Younger","F",4023,5,"E","No","199","192","No","0.6","No","No","U","57","1:48","031324A","75001L04",113,"",NA,NA,NA,NA,NA,NA,NA
4739,"Treatment","Younger","F",4023,5,"E","No","189","171","No","0.5","No","No","U","56","3:00","","",113,"",NA,NA,NA,NA,NA,NA,NA
4741,"Baseline","Younger","F",4111,6,"B","No","211","211","No","0.5","No","No","L","58","2:25","042224A","",114,"Lot numbers not marked in data sheet but bleeds before and after this date, use the same lot numbers.",NA,NA,NA,NA,NA,NA,NA
4741,"Treatment","Younger","F",4111,6,"B","No","194","195","No","0.7","No","No","U","60","1:18","032024A","75001L04",113,"",NA,NA,NA,NA,NA,NA,NA
4744,"Baseline","Younger","M",4111,6,"A","No","249","247","No","0.4","No","No","U","50","3:00/3:30","042224A","",118,"Lot numbers not marked in data sheet but bleeds before and after this date, use the same lot numbers.",NA,NA,NA,NA,NA,NA,NA
4744,"Treatment","Younger","M",4111,6,"A","No","251","244","No","0.4","No","No","U","52","1:38","032024A","75001L04",113,"",NA,NA,NA,NA,NA,NA,NA
4745,"Baseline","Younger","F",4111,6,"E","No","204","187","No","0.6","No","No","U","56","1:30","042224A","",118,"Lot numbers not marked in data sheet but bleeds before and after this date, use the same lot numbers.",175.265044802604,54.8224639454668,0.312797477712751,24.1104720538162,95191.9389399925,16.1070468386642,543.131341718507
4745,"Heat","Younger","F",4111,6,"E","No","219","203","No","0.8","No","No","U/L","60","3:00/5:40","032024A","75001L04",113,"",NA,NA,NA,NA,NA,NA,NA
4745,"Treatment","Younger","F",4111,6,"E","No","223","222","No","0.7","No","No","U","56","1:57","","",113,"",NA,NA,NA,NA,NA,NA,NA
4748,"Baseline","Younger","F",4150,7,"C","No","318","No","No","No","No","No","L","54","5:00","042224A","75001L04",118,"Glucose after 3 min",NA,NA,NA,NA,NA,NA,NA
4748,"Treatment","Younger","F",4150,7,"C","No","204","No","No","No","No","No","U","54","3:00","032024A","",113,"",NA,NA,NA,NA,NA,NA,NA
4749,"Baseline","Younger","F",4150,7,"D","No","234","230","No","0.3","No","No","U","52","1:47","042224A","75001L04",114,"",NA,NA,NA,NA,NA,NA,NA
4749,"Treatment","Younger","F",4150,7,"D","No","211","220","No","0.3","0.3","No","U","50","","032124A","",113,"",NA,NA,NA,NA,NA,NA,NA
4752,"Baseline","Younger","F",4546,6,"D","No","242","232","No","0.4","No","No","U","50","1:23","042224A","",114,"Lot numbers not marked in data sheet but bleeds before and after this date, use the same lot numbers.",NA,NA,NA,NA,NA,NA,NA
4752,"Treatment","Younger","F",4546,6,"D","No","205","No","No","0.6","No","No","U/L","45","3:00/4:35","032024A","75001L04",113,"",NA,NA,NA,NA,NA,NA,NA
4753,"Baseline","Younger","F",4113,6,"A","No","191","195","No","0.4","No","No","L","52","2:48","042224A","",114,"Lot numbers not marked in data sheet but bleeds before and after this date, use the same lot numbers.",NA,NA,NA,NA,NA,NA,NA
4753,"Treatment","Younger","F",4113,6,"A","No","182","176","No","0.6","No","No","U","58","2:40","032024A","75001L04",113,"",NA,NA,NA,NA,NA,NA,NA
4755,"Baseline","Younger","F",4290,8,"A","No","214","198","No","0.5","No","No","U/L","54","2:41","032124A","75001L04",114,"",NA,NA,NA,NA,NA,NA,NA
4755,"Treatment","Younger","F",4290,8,"A","No","232","224","No","0.4","No","No","U","60","1:30","032124A","75001L04",113,"",NA,NA,NA,NA,NA,NA,NA
4756,"Baseline","Younger","M",4147,7,"A","No","323","315","No","0.3","No","No","U","42","1:21","042224A","75001L04",114,"Necrotic Leg, cut on 11/16",NA,NA,NA,NA,NA,NA,NA
4756,"Treatment","Younger","M",4147,7,"A","No","222","221","No","0.3","0.2","No","No","No","3:00","032024A","",113,"",NA,NA,NA,NA,NA,NA,NA
4757,"Baseline","Younger","M",4147,7,"B","No","274","265","No","0.4","No","No","U","52","3:00/4:27","042224A","75001L04",114,"",NA,NA,NA,NA,NA,NA,NA
4757,"Treatment","Younger","M",4147,7,"B","No","306","257","241","0.4","0.3","No","U","54","2:00","032024A","",113,"",NA,NA,NA,NA,NA,NA,NA
4758,"Baseline","Younger","F",4147,7,"E","No","273","312","No","0.3","No","No","U/L","No","3:00/5:00","042224A","75001L04",114,"",290.063239219792,44.8724186660746,0.154698743580096,23.4045336666833,169281.373422467,15.1516132213239,583.601610041306
4758,"Heat","Younger","F",4147,7,"E","No","296","255","256","0.3","0.3","No","U","No","2:02","032024A","75001L04",113,"",NA,NA,NA,NA,NA,NA,NA
4758,"Treatment","Younger","F",4147,7,"E","No","416","444","No","0.4","No","No","U/L","51","3:00/4:00","","",113,"",NA,NA,NA,NA,NA,NA,NA
4759,"Baseline","Younger","F",4147,7,"D","No","219","234","No","0.5","No","No","L","52","3:00","042224A","75001L04",118,"",NA,NA,NA,NA,NA,NA,NA
4759,"Treatment","Younger","F",4147,7,"D","No","233","243","No","0.3","0.2","No","U","50","","032124A","",113,"",NA,NA,NA,NA,NA,NA,NA
4761,"Baseline","Younger","F",4290,8,"B","Yes","206","208","No","0.5","No","No","L","54","1:55","032124A","75001L04",114,"",NA,NA,NA,NA,NA,NA,NA
4761,"Treatment","Younger","F",4290,8,"B","Yes","No","No","No","No","No","No","L","No","No","032124A","75001L04",113,"",NA,NA,NA,NA,NA,NA,NA
4763,"Baseline","Younger","F",4564,9,"A","No","201","185","No","0.6","No","No","U","56","1:50","032124A","75001L04",118,"Plasma color listed as U-o?",NA,NA,NA,NA,NA,NA,NA
4763,"Treatment","Younger","F",4564,9,"A","No","213","204","No","0.4","No","No","U","56","1:30","032124A","75001L04",113,"",NA,NA,NA,NA,NA,NA,NA
4764,"Baseline","Younger","M",4564,11,"B","No","224","204","No","0.6","0.5","No","U","No","2:50","","",114,"Lot numbers not marked in data sheet but bleeds before and after this date, use the same lot numbers.",NA,NA,NA,NA,NA,NA,NA
4764,"Treatment","Younger","M",4564,11,"B","No","290","292","No","0.4","No","No","U","51","3:00","501249","75001L04",113,"",NA,NA,NA,NA,NA,NA,NA
4765,"Baseline","Younger","F",4564,8,"D","No","308","290","No","0.5","No","No","L","54","3:00/6:00","032124A","75001L04",114,"",NA,NA,NA,NA,NA,NA,NA
4765,"Treatment","Younger","F",4564,8,"D","No","247","260","No","0.5","No","No","U","54","1:28","032124A","75001L04",113,"",NA,NA,NA,NA,NA,NA,NA
4766,"Baseline","Younger","F",4564,9,"E","No","175","218","No","0.6","No","No","No","No","3:00","032124A","75001L04",114,"plasma tubes moved around in centrifuge",NA,NA,NA,NA,NA,NA,NA
4766,"Heat","Younger","F",4564,9,"E","No","287","286","No","0.7","No","No","U","56","3:00","032124A","75001L04",113,"",NA,NA,NA,NA,NA,NA,NA
4766,"Treatment","Younger","F",4564,9,"E","No","254","237","No","0.6","0.5","No","U","53","1:54","","",113,"",NA,NA,NA,NA,NA,NA,NA
4767,"Baseline","Younger","F",4171,7,"A","No","200","219","No","0.6","No","No","U","56","2:10","042224A","75001L04",118,"",NA,NA,NA,NA,NA,NA,NA
4767,"Treatment","Younger","F",4171,7,"A","No","177","160","No","0.6","0.4","No","No","No","1:28","032024A","",113,"",NA,NA,NA,NA,NA,NA,NA
4768,"Baseline","Younger","F",4171,7,"B","Yes","203","202","No","0.5","No","No","U","56","1:15","042224A","75001L04",118,"",248.403002801292,63.5216232517932,0.255720029691456,23.6292043523891,145122.330475656,15.4100182979733,584.22132115587
4768,"Treatment","Younger","F",4171,7,"B","Yes","No","No","No","No","No","No","No","No","No","032024A","",113,"",NA,NA,NA,NA,NA,NA,NA
4769,"Baseline","Younger","M",4171,11,"B","No","140","158","No","0.3","0.3","No","Y","56","1:40","","",118,"Lot numbers not marked in data sheet but bleeds before and after this date, use the same lot numbers.",NA,NA,NA,NA,NA,NA,NA
4769,"Treatment","Younger","M",4171,11,"B","No","227","235","No","0.5","No","No","U","57","3:00/5:00","501249","75001L04",113,"",NA,NA,NA,NA,NA,NA,NA
4770,"Baseline","Younger","M",4542,8,"A","No","312","302","No","0.4","No","No","U","52","3:00/5:00","032124A","75001L04",118,"",NA,NA,NA,NA,NA,NA,NA
4770,"Treatment","Younger","M",4542,8,"A","No","295","299","No","0.5","No","No","U/L","50","3:00/5:00","032124A","75001L04",113,"",NA,NA,NA,NA,NA,NA,NA
4771,"Baseline","Younger","M",4542,8,"B","No","224","222","No","0.4","No","No","U","52","1:14","032124A","75001L04",118,"",NA,NA,NA,NA,NA,NA,NA
4771,"Treatment","Younger","M",4542,8,"B","No","235","220","No","0.9","No","No","U","52","2:02","032124A","75001L04",113,"",NA,NA,NA,NA,NA,NA,NA
4772,"Baseline","Younger","F",4542,8,"E","No","233","219","No","0.5","No","No","U","52","2:24","032124A","75001L04",114,"",NA,NA,NA,NA,NA,NA,NA
4772,"Heat","Younger","F",4542,8,"E","No","231","226","No","0.6","No","No","U","58","2:22","032124A","75001L04",113,"",NA,NA,NA,NA,NA,NA,NA
4772,"Treatment","Younger","F",4542,8,"E","No","242","232","No","0.6","0.6","No","U","53","","","",113,"",NA,NA,NA,NA,NA,NA,NA
4773,"Baseline","Younger","F",4542,8,"D","No","204","192","No","0.6","No","No","U/L","56","1:35","032124A","75001L04",118,"",NA,NA,NA,NA,NA,NA,NA
4773,"Treatment","Younger","F",4542,8,"D","No","204","215","No","0.6","No","No","U/L","54","3:00/6:42","032124A","75001L04",113,"",NA,NA,NA,NA,NA,NA,NA
4774,"Baseline","Younger","F",4564,9,"B","Yes","243","224","No","0.4","No","No","No","No","3:00","032124A","75001L04",114,"plasma tubes moved around in centrifuge",NA,NA,NA,NA,NA,NA,NA
4774,"Treatment","Younger","F",4564,9,"B","Yes","No","No","No","No","No","No","No","No","No","032124A","75001L04",113,"",NA,NA,NA,NA,NA,NA,NA
4775,"Baseline","Younger","F",4171,7,"C","Yes","182","192","No","0.4","No","No","U","58","2:12","042224A","75001L04",114,"",216.370340727878,27.5591317146732,0.127370191413311,23.8151449976947,159320.41695082,15.2518588479638,736.332051864688
4775,"Treatment","Younger","F",4171,7,"C","Yes","No","No","No","No","No","No","No","No","No","032024A","",113,"",NA,NA,NA,NA,NA,NA,NA
4776,"Baseline","Younger","F",4542,8,"C","No","203","186","No","0.4","No","No","U/L","52","3:00","032124A","75001L04",114,"",NA,NA,NA,NA,NA,NA,NA
4776,"Treatment","Younger","F",4542,8,"C","No","236","No","No","0.3","No","No","U","54","3:00/5:03","032124A","75001L04",113,"",NA,NA,NA,NA,NA,NA,NA
4777,"Baseline","Younger","F",4364,7,"E","No","210","205","No","0.5","No","No","U","50","2:30","032124A","75001L04",118,"",NA,NA,NA,NA,NA,NA,NA
4777,"Heat","Younger","F",4364,7,"E","No","303","290","No","0.4","0.4","No","U","No","1:46","032024A","75001L04",113,"",NA,NA,NA,NA,NA,NA,NA
4777,"Treatment","Younger","F",4364,7,"E","No","288","269","No","0.4","No","No","U","48","1:48","","",113,"",NA,NA,NA,NA,NA,NA,NA
4778,"Baseline","Younger","M",4364,11,"B","No","292","287","No","0.3","0.3","No","U","46","2:41","","",114,"Lot numbers not marked in data sheet but bleeds before and after this date, use the same lot numbers.",NA,NA,NA,NA,NA,NA,NA
4778,"Treatment","Younger","M",4364,11,"B","No","284","274","No","0.4","No","No","U","54","2:56","501249","75001L04",113,"",NA,NA,NA,NA,NA,NA,NA
4779,"Baseline","Younger","M",4364,11,"A","No","218","204","No","0.8","0.8","No","U","No","3:00","","",114,"Lot numbers not marked in data sheet but bleeds before and after this date, use the same lot numbers.",NA,NA,NA,NA,NA,NA,NA
4779,"Treatment","Younger","M",4364,11,"A","No","231","No","No","0.4","No","No","U","52","2:16","501249","75001L04",113,"",NA,NA,NA,NA,NA,NA,NA
4780,"Baseline","Younger","M",4364,11,"A","No","254","232","No","0.4","0.3","No","U","51","3:00","","",114,"Possible broken toenail a day before, blood seen on perch, housed with 4779 (no blood on bird or visible signs of injury",NA,NA,NA,NA,NA,NA,NA
4780,"Treatment","Younger","M",4364,11,"A","No","282","285","No","0.3","No","No","U","54","3:00","501249","75001L04",113,"",NA,NA,NA,NA,NA,NA,NA
4781,"Baseline","Younger","M",4127,9,"A","No","234","236","No","0.6","No","No","U","50","3:00","032124A","75001L04",118,"Plasma color listed as U-o?",NA,NA,NA,NA,NA,NA,NA
4781,"Treatment","Younger","M",4127,9,"A","No","291","292","No","0.6","No","No","U","54","2:02","032124A","75001L04",113,"",NA,NA,NA,NA,NA,NA,NA
4782,"Baseline","Younger","F",4127,8,"C","No","232","194","146","0.4","No","No","U/L","56","3:00/5:00","032124A","75001L04",118,"coagulated",NA,NA,NA,NA,NA,NA,NA
4782,"Treatment","Younger","F",4127,8,"C","No","243","221","243","0.5","0.4","No","U","52","1:48","032124A","75001L04",113,"",NA,NA,NA,NA,NA,NA,NA
4783,"Baseline","Younger","M",4127,9,"B","No","230","233","No","0.5","No","No","U","60","1:48","032124A","75001L04",118,"Plasma color listed as U-r?",NA,NA,NA,NA,NA,NA,NA
4783,"Treatment","Younger","M",4127,9,"B","No","231","245","No","0.6","No","No","U","58","2:16","032124A","75001L04",113,"",NA,NA,NA,NA,NA,NA,NA
4784,"Baseline","Younger","F",4127,8,"E","No","320","317","No","0.7","No","No","L","52","3:00/4:05","032124A","75001L04",118,"",109.424815577513,28.9459367545101,0.264528083522386,24.7724239641354,165005.414112106,15.1932422911505,1507.93413030906
4784,"Heat","Younger","F",4127,8,"E","No","321","No","No","0.3","No","No","U","52","2:06","032124A","75001L04",113,"",NA,NA,NA,NA,NA,NA,NA
4784,"Treatment","Younger","F",4127,8,"E","No","314","301","No","0.6","0.4","No","U","50","","","",113,"",NA,NA,NA,NA,NA,NA,NA
4785,"Baseline","Younger","F",4124,9,"E","No","No","No","No","No","No","No","No","No","3:00/5:35","032124A","75001L04",118,"",NA,NA,NA,NA,NA,NA,NA
4785,"Heat","Younger","F",4124,9,"E","No","244","","No","0.7","No","No","U","57","3:00","032124A","75001L04",113,"Glucose 2 has been written as 22, likely a mistake",NA,NA,NA,NA,NA,NA,NA
4785,"Treatment","Younger","F",4124,9,"E","No","268","253","No","0.6","0.4","0.5","U","50","2:04","","",113,"",NA,NA,NA,NA,NA,NA,NA
4786,"Baseline","Younger","F",4124,10,"A","No","282","274","No","0.4","No","No","U/L","52","3:00","032024A","75001L04",118,"",NA,NA,NA,NA,NA,NA,NA
4786,"Treatment","Younger","F",4124,10,"A","No","232","231","No","0.6","No","No","U","52","1:44","032124A","75001L04",113,"",NA,NA,NA,NA,NA,NA,NA
4787,"Baseline","Younger","M",4124,10,"B","No","No","No","No","No","No","No","U","50","3:00","032024A","75001L04",118,"",NA,NA,NA,NA,NA,NA,NA
4787,"Treatment","Younger","M",4124,10,"B","No","251","245","No","0.4","No","No","U","48","2:00","032124A","75001L04",113,"",NA,NA,NA,NA,NA,NA,NA
4788,"Baseline","Younger","M",4432,10,"B","No","258","212","No","0.3","No","No","U","54","3:00","032124A","75001L04",114,"",NA,NA,NA,NA,NA,NA,NA
4788,"Treatment","Younger","M",4432,10,"B","No","231","221","No","0.6","No","No","U","56","2:07","032124A","75001L04",113,"",NA,NA,NA,NA,NA,NA,NA
4789,"Baseline","Younger","M",4432,10,"A","No","212","196","No","0.4","No","No","U","52","1:38","032024A","75001L04",118,"",NA,NA,NA,NA,NA,NA,NA
4789,"Treatment","Younger","M",4432,10,"A","No","226","234","No","0.4","No","No","U","54","2:43","032124A","75001L04",113,"",NA,NA,NA,NA,NA,NA,NA
4790,"Baseline","Younger","M",4432,11,"A","No","284","268","No","0.4","0.4","No","U/L","53","3:00","","",118,"Lot numbers not marked in data sheet but bleeds before and after this date, use the same lot numbers.",NA,NA,NA,NA,NA,NA,NA
4790,"Treatment","Younger","M",4432,11,"A","No","203","242","No","0.6","No","No","No","No","3:00/4:06","501249","75001L04",113,"",NA,NA,NA,NA,NA,NA,NA
4791,"Baseline","Younger","M",4127,9,"B","No","263","210","No","0.4","No","No","No","No","1:54","032124A","75001L04",114,"plasma tubes moved around in centrifuge",NA,NA,NA,NA,NA,NA,NA
4791,"Treatment","Younger","M",4127,9,"B","No","220","251","No","0.4","No","No","U","57","2:52","032124A","75001L04",113,"",NA,NA,NA,NA,NA,NA,NA
4792,"Baseline","Younger","F",4168,10,"B","No","198","195","No","0.5","No","No","U/L","56","2:23","032024A","75001L04",118,"",117.671519902777,60.4338314019861,0.513580783624771,24.6742961031298,123224.762152387,15.6800210055733,1047.19274684476
4792,"Treatment","Younger","F",4168,10,"B","No","261","280","No","0.6","No","No","U","56","1:58","032124A","75001L04",113,"",NA,NA,NA,NA,NA,NA,NA
4793,"Baseline","Younger","M",4168,10,"A","No","263","No","No","No","No","No","L","52","3:00/5:29","032124A","75001L04",114,"",NA,NA,NA,NA,NA,NA,NA
4793,"Treatment","Younger","M",4168,10,"A","No","220","228","No","0.4","No","No","U","54","2:08","032124A","75001L04",113,"",NA,NA,NA,NA,NA,NA,NA
4794,"Baseline","Younger","M",4124,9,"A","No","273","284","No","0.4","No","No","No","No","3:00/5:40","032124A","75001L04",114,"plasma tubes moved around in centrifuge",NA,NA,NA,NA,NA,NA,NA
4794,"Treatment","Younger","M",4124,9,"A","No","303","313","No","0.6","No","No","U","55","3:00/4:17","032124A","75001L04",113,"",NA,NA,NA,NA,NA,NA,NA
4795,"Baseline","Younger","F",4432,10,"D","No","207","194","No","0.5","No","No","L","52","2:34","032024A","75001L04",118,"",NA,NA,NA,NA,NA,NA,NA
4795,"Treatment","Younger","F",4432,10,"D","No","295","274","No","0.5","0.5","0.5","U","49","2:26","032124A","75001L04",113,"",NA,NA,NA,NA,NA,NA,NA
4796,"Baseline","Younger","F",4388,9,"A","No","202","201","No","0.5","No","No","No","No","2:30","032124A","75001L04",114,"plasma tubes moved around in centrifuge",NA,NA,NA,NA,NA,NA,NA
4796,"Treatment","Younger","F",4388,9,"A","No","235","236","No","0.6","No","No","U","54","2:17","032124A","75001L04",113,"",NA,NA,NA,NA,NA,NA,NA
4797,"Baseline","Younger","F",4388,9,"B","No","215","215","No","0.4","No","No","U","53","1:50","032124A","75001L04",118,"",NA,NA,NA,NA,NA,NA,NA
4797,"Treatment","Younger","F",4388,9,"B","No","198","199","No","0.4","No","No","U","58","3:00","032124A","75001L04",113,"",NA,NA,NA,NA,NA,NA,NA
4798,"Baseline","Younger","F",4168,10,"D","Yes","235","227","No","0.6","No","No","L","52","3:00/4:18","032124A","75001L04",114,"",120.387036213748,71.404722175794,0.593126340023974,24.6375474924708,192177.355255881,14.9471926423573,1596.32931667716
4798,"Treatment","Younger","F",4168,10,"D","Yes","No","No","No","No","No","No","No","No","No","032124A","75001L04",113,"",NA,NA,NA,NA,NA,NA,NA
4800,"Baseline","Younger","M",4594,12,"B","No","225","No","No","No","No","No","U/L","52","3:00/4:15","032124A","75001L04",118,"",NA,NA,NA,NA,NA,NA,NA
4800,"Treatment","Younger","M",4594,12,"B","No","No","No","No","No","No","No","U/L","No","3:00/4:40","","75001L04",113,"",NA,NA,NA,NA,NA,NA,NA
4801,"Baseline","Younger","F",4594,10,"A","No","223","218","No","0.6","No","No","L","54","3:00/4:56","032124A","75001L04",114,"",NA,NA,NA,NA,NA,NA,NA
4801,"Treatment","Younger","F",4594,10,"A","No","215","193","No","0.4","No","No","U","54","3:00","032124A","75001L04",113,"",NA,NA,NA,NA,NA,NA,NA
4802,"Baseline","Younger","F",4594,10,"B","Yes","169","171","No","0.4","No","No","U ","52","1:49","032124A","75001L04",114,"",233.075745027077,72.8484454030028,0.312552665634684,23.7119101571009,119619.503317902,15.7500269677233,513.221585128927
4802,"Treatment","Younger","F",4594,10,"B","Yes","No","No","No","No","No","No","No","No","No","032124A","75001L04",113,"",NA,NA,NA,NA,NA,NA,NA
4803,"Baseline","Younger","M",4594,12,"B","No","No","No","No","No","No","No","U/L","54","3:00","032124A","75001L04",114,"",NA,NA,NA,NA,NA,NA,NA
4803,"Treatment","Younger","M",4594,12,"B","No","268","325","251","0.3","0.3","No","U","57","3:00","","75001L04",113,"",NA,NA,NA,NA,NA,NA,NA
4804,"Baseline","Younger","M",4601,12,"B","No","No","No","No","No","No","No","U/L","56","3:00","032124A","75001L04",118,"",NA,NA,NA,NA,NA,NA,NA
4804,"Treatment","Younger","M",4601,12,"B","No","251","246","No","0.4","0.4","No","U","57","2:34","","75001L04",113,"",NA,NA,NA,NA,NA,NA,NA
4805,"Baseline","Younger","F",4601,11,"C","No","234","266","242","0.5","0.4","No","U","50","2:35","","",114,"Lot numbers not marked in data sheet but bleeds before and after this date, use the same lot numbers.",NA,NA,NA,NA,NA,NA,NA
4805,"Treatment","Younger","F",4601,11,"C","No","246","261","No","0.6","No","No","U","52","2:06","501249","75001L04",113,"",NA,NA,NA,NA,NA,NA,NA
4806,"Baseline","Younger","F",4601,12,"A","No","234","No","No","0.4","No","No","U","56","3:00","032124A","75001L04",118,"",NA,NA,NA,NA,NA,NA,NA
4806,"Treatment","Younger","F",4601,12,"A","No","254","205","No","0.4","","No","U/L","55","3:00/4:45","","75001L04",113,"Ketone 2 entered as E3",NA,NA,NA,NA,NA,NA,NA
4807,"Baseline","Younger","F",4184,12,"A","No","180","181","No","0.5","No","No","U","58","1:19","032124A","75001L04",114,"",NA,NA,NA,NA,NA,NA,NA
4807,"Treatment","Younger","F",4184,12,"A","No","205","205","No","0.5","0.4","No","U","57","1:18","","75001L04",113,"",NA,NA,NA,NA,NA,NA,NA
4808,"Baseline","Younger","F",4184,11,"A","No","166","159","No","0.6","0.7","No","U","58","2:20","","",118,"Lot numbers not marked in data sheet but bleeds before and after this date, use the same lot numbers.",NA,NA,NA,NA,NA,NA,NA
4808,"Treatment","Younger","F",4184,11,"A","No","248","258","No","0.6","No","No","U","55","2:21","501249","75001L04",113,"",NA,NA,NA,NA,NA,NA,NA
4809,"Baseline","Younger","F",4601,11,"B","No","182","185","No","0.6","0.6","No","U","57","1:26","","",118,"Lot numbers not marked in data sheet but bleeds before and after this date, use the same lot numbers.",NA,NA,NA,NA,NA,NA,NA
4809,"Treatment","Younger","F",4601,11,"B","No","307","356","No","0.6","No","No","U/L","60","3:00","501249","75001L04",113,"",NA,NA,NA,NA,NA,NA,NA
4810,"Baseline","Younger","F",4601,12,"B","Yes","201","185","No","0.6","No","No","U/L","54","1:35","032124A","75001L04",114,"",85.1995623790223,15.2212364616154,0.178653927750257,25.124286599752,94429.1926546218,16.1243373086207,1108.32955026858
4810,"Treatment","Younger","F",4601,12,"B","Yes","No","No","No","No","No","No","No","No","No","","75001L04",113,"",NA,NA,NA,NA,NA,NA,NA
4812,"Baseline","Younger","M",4184,12,"A","No","241","217","No","0.7","No","No","U/L","52/54","3:00/5:30","032124A","75001L04",118,"Spitting Saliva",NA,NA,NA,NA,NA,NA,NA
4812,"Treatment","Younger","M",4184,12,"A","No","188","190","No","0.6","0.6","No","U","61","1:33","","75001L04",113,"",NA,NA,NA,NA,NA,NA,NA
4813,"Baseline","Younger","M",4578,12,"A","No","210","204","No","0.4","No","No","U ","60","2:04","032124A","75001L04",114,"",NA,NA,NA,NA,NA,NA,NA
4813,"Treatment","Younger","M",4578,12,"A","No","218","215","No","0.4","0.3","No","U","58","1:34","","75001L04",113,"",NA,NA,NA,NA,NA,NA,NA
4814,"Baseline","Younger","F",4184,11,"C","No","174","140","No","0.7","0.6","No","U/L","55","2:50","","",118,"Lot numbers not marked in data sheet but bleeds before and after this date, use the same lot numbers.",NA,NA,NA,NA,NA,NA,NA
4814,"Treatment","Younger","F",4184,11,"C","No","216","No","No","0.7","No","No","U","62","3:00/5:00","501249","75001L04",113,"",NA,NA,NA,NA,NA,NA,NA
4816,"Baseline","Younger","M",4340,12,"B","No","249","256","No","0.3","No","No","U","50","2:04","032124A","75001L04",114,"",NA,NA,NA,NA,NA,NA,NA
4816,"Treatment","Younger","M",4340,12,"B","No","253","253","No","0.5","0.6","No","U","55","1:27","","75001L04",113,"",NA,NA,NA,NA,NA,NA,NA
4817,"Baseline","Younger","F",NA,12,"B","Yes","237","249","No","0.3","No","No","U","54","2:05","032124A","75001L04",118,"",166.995637448865,48.9842316693253,0.293326415094673,24.1803854958867,155622.584324229,15.2906982860774,931.896106399076
4817,"Treatment","Younger","F",NA,12,"B","Yes","347","338","No","0.7","0.7","No","U","48","1:27","","75001L04",113,"",NA,NA,NA,NA,NA,NA,NA
